Workbook

Sheet Artikel-Rohdaten
A1: lf. Nr. | B1: Artikelbezeichnung | C1: Artikelnummer | D1: Einheit | E1: Bündnis-Identnummer | F1: Minimaler Sicherheitsbestand | G1: Maximaler Sicherheitsbestand | H1: Frei verwendbar | I1: Monatliche Prognose APO
A2: 1 | B2: Kappe (Staubschutz) | C2: 356987401 | D2: Stück | E2: 121938369 | F2: 20629 | G2: 26911 | H2: 68920 | I2: 3582.2
A3: 2 | B3: Kugellager | C3: 973156840 | D3: Stück | E3: 875324678 | F3: 2074 | G3: 2541 | H3: 3140 | I3: 705
A4: 3 | B4: Schraube (Sechskant) | C4: 578931478 | D4: Stück | E4: 223589647 | F4: 1412 | G4: 1961 | H4: 121158 | I4: 400
A5: 4 | B5: Dichtring | C5: 976258743 | D5: Stück | E5: 245879631 | F5: 1110 | G5: 1527 | H5: 7844 | I5: 301
A6: 5 | B6: Dichtung | C6: 488369720 | D6: Stück | E6: 123125786 | F6: 899 | G6: 1374 | H6: 7171 | I6: 290
A7: 6 | B7: Federring | C7: 658742031 | D7: Stück | E7: 121420567 | F7: 1077 | G7: 1333 | H7: 20017 | I7: 250
A8: 7 | B8: Scheibe | C8: 698742368 | D8: Stück | E8: 211475021 | F8: 927 | G8: 1283 | H8: 21194 | I8: 240
A9: 8 | B9: Scheibe (Zahn) | C9: 752147896 | D9: Stück | E9: 121514547 | F9: 799 | G9: 1072 | H9: 4152 | I9: 200
A10: 9 | B10: Unterlegscheibe | C10: 698753010 | D10: Stück | E10: 123617859 | F10: 792 | G10: 991 | H10: 400 | I10: 98
A11: 10 | B11: Kugellager | C11: 102354780 | D11: Stück | E11: 453576285 | F11: 794 | G11: 918 | H11: 9241 | I11: 145
A12: 11 | B12: Gewindeschraube | C12: 259874130 | D12: Stück | E12: 353048502 | F12: 880 | G12: 908 | H12: 20016 | I12: 127
A13: 12 | B13: Scheibe (Zahn) | C13: 214789540 | D13: Stück | E13: 121568756 | F13: 699 | G13: 890 | H13: 46208 | I13: 150
... A47: 46 | B47: Markierungsleuchte | C47: 986325784 | D47: Stück | E47: 124235577 | F47: 777 | G47: 20 | H47: 50 | I47: 10

Sheet Q4-24
A1: lf. Nr. | B1: Material | C1: Materialbezeichnung | D1: Datum von | E1: Datum bis | F1: Anfangsbestand [Stück] | G1: Zugang [Stück] | H1: Abgang [Stück] | I1: Endbestand [Stück] | J1: durchschnittlicher Lagerbestand [Stück] | K1: LUH | L1: durchschnittlicher Lagerdauer [in Tagen] | M1: Bedarfsprognose gemäß APO [quartalsweise] | N1: Lagerreichweite [Anzahl Quartale] | O1: Lagerreichweite [Anzahl Jahre]
A2: 1 | B2: 356987401 | C2: Kappe (Staubschutz) | D2: 45566 | E2: 45657 | F2: 20000 | G2: 7580 | H2: 5621 | I2: =F2+G2-H2 -> 21959 | J2: =(F2+I2)/2 -> 20979.5 | K2: =IFERROR(H2/J2,0) -> 0.26792822 | L2: =IFERROR(360/K2,0) -> 1343.6435 | M2: 25000 | N2: =I2/M2 -> 0.87836 | O2: =N2/4 -> 0.21959
A3: 2 | B3: 973156840 | C3: Kugellager | D3: 45566 | E3: 45657 | F3: 14563 | G3: 520 | H3: 780 | I3: =F3+G3-H3 -> 14303 | J3: =(F3+I3)/2 -> 14433 | K3: =IFERROR(H3/J3,0) -> 0.054042819 | L3: =IFERROR(360/K3,0) -> 6661.3846 | M3: 2000 | N3: =I3/M3 -> 7.1515 | O3: =N3/4 -> 1.787875
A4: 3 | B4: 578931478 | C4: Schraube (Sechskant) | D4: 45566 | E4: 45657 | F4: 60784 | G4: 11465 | H4: 69 | I4: =F4+G4-H4 -> 72180 | J4: =(F4+I4)/2 -> 66482 | K4: =IFERROR(H4/J4,0) -> 0.0010378749 | L4: =IFERROR(360/K4,0) -> 346862.61 | M4: 500 | N4: =I4/M4 -> 144.36 | O4: =N4/4 -> 36.09
A5: 4 | B5: 976258743 | C5: Dichtring | D5: 45566 | E5: 45657 | F5: 4875 | G5: 124 | H5: 321 | I5: =F5+G5-H5 -> 4678 | J5: =(F5+I5)/2 -> 4776.5 | K5: =IFERROR(H5/J5,0) -> 0.06720402 | L5: =IFERROR(360/K5,0) -> 5356.8224 | M5: 100 | N5: =I5/M5 -> 46.78 | O5: =N5/4 -> 11.695
A6: 5 | B6: 488369720 | C6: Dichtung | D6: 45566 | E6: 45657 | F6: 8507 | G6: 0 | H6: 240 | I6: =F6+G6-H6 -> 8267 | J6: =(F6+I6)/2 -> 8387 | K6: =IFERROR(H6/J6,0) -> 0.028615715 | L6: =IFERROR(360/K6,0) -> 12580.5 | M6: 500 | N6: =I6/M6 -> 16.534 | O6: =N6/4 -> 4.1335
A7: 6 | B7: 658742031 | C7: Federring | D7: 45566 | E7: 45657 | F7: 873 | G7: 221 | H7: 198 | I7: =F7+G7-H7 -> 896 | J7: =(F7+I7)/2 -> 884.5 | K7: =IFERROR(H7/J7,0) -> 0.22385529 | L7: =IFERROR(360/K7,0) -> 1608.1818 | M7: 600 | N7: =I7/M7 -> 1.4933333 | O7: =N7/4 -> 0.37333333
A8: 7 | B8: 698742368 | C8: Scheibe | D8: 45566 | E8: 45657 | F8: 1256 | G8: 150 | H8: 301 | I8: =F8+G8-H8 -> 1105 | J8: =(F8+I8)/2 -> 1180.5 | K8: =IFERROR(H8/J8,0) -> 0.2549767 | L8: =IFERROR(360/K8,0) -> 1411.8937 | M8: 900 | N8: =I8/M8 -> 1.2277778 | O8: =N8/4 -> 0.30694444
A9: 8 | B9: 752147896 | C9: Scheibe (Zahn) | D9: 45566 | E9: 45657 | F9: 3621 | G9: 500 | H9: 207 | I9: =F9+G9-H9 -> 3914 | J9: =(F9+I9)/2 -> 3767.5 | K9: =IFERROR(H9/J9,0) -> 0.054943597 | L9: =IFERROR(360/K9,0) -> 6552.1739 | M9: 400 | N9: =I9/M9 -> 9.785 | O9: =N9/4 -> 2.44625
A10: 9 | B10: 698753010 | C10: Unterlegscheibe | D10: 45566 | E10: 45657 | F10: 783 | G10: 125 | H10: 87 | I10: =F10+G10-H10 -> 821 | J10: =(F10+I10)/2 -> 802 | K10: =IFERROR(H10/J10,0) -> 0.1084788 | L10: =IFERROR(360/K10,0) -> 3318.6207 | M10: 250 | N10: =I10/M10 -> 3.284 | O10: =N10/4 -> 0.821
A11: 10 | B11: 973156840 | C11: Kugellager | D11: 45566 | E11: 45657 | F11: 1042 | G11: 0 | H11: 139 | I11: =F11+G11-H11 -> 903 | J11: =(F11+I11)/2 -> 972.5 | K11: =IFERROR(H11/J11,0) -> 0.14293059 | L11: =IFERROR(360/K11,0) -> 2518.705 | M11: 350 | N11: =I11/M11 -> 2.58 | O11: =N11/4 -> 0.645
A12: 11 | B12: 259874130 | C12: Gewindeschraube | D12: 45566 | E12: 45657 | F12: 3641 | G12: 0 | H12: 468 | I12: =F12+G12-H12 -> 3173 | J12: =(F12+I12)/2 -> 3407 | K12: =IFERROR(H12/J12,0) -> 0.13736425 | L12: =IFERROR(360/K12,0) -> 2620.7692 | M12: 1000 | N12: =I12/M12 -> 3.173 | O12: =N12/4 -> 0.79325
A13: 12 | B13: 752147896 | C13: Scheibe (Zahn) | D13: 45566 | E13: 45657 | F13: 342 | G13: 50 | H13: 189 | I13: =F13+G13-H13 -> 203 | J13: =(F13+I13)/2 -> 272.5 | K13: =IFERROR(H13/J13,0) -> 0.69357798 | L13: =IFERROR(360/K13,0) -> 519.04762 | M13: 200 | N13: =I13/M13 -> 1.015 | O13: =N13/4 -> 0.25375
... A47: 46 | B47: 986325784 | C47: Markierungsleuchte | D47: 45566 | E47: 45657 | F47: 600 | G47: 475 | H47: 90 | I47: =F47+G47-H47 -> 985 | J47: =(F47+I47)/2 -> 792.5 | K47: =IFERROR(H47/J47,0) -> 0.11356467 | L47: =IFERROR(360/K47,0) -> 3170 | M47: 120 | N47: =I47/M47 -> 8.2083333 | O47: =N47/4 -> 2.0520833

Sheet Q1-25
A1: lf. Nr. | B1: Material | C1: Materialbezeichnung | D1: Datum von | E1: Datum bis | F1: Anfangsbestand [Stück] | G1: Zugang [Stück] | H1: Abgang [Stück] | I1: Endbestand [Stück] | J1: durchschnittlicher Lagerbestand [Stück] | K1: LUH | L1: durchschnittlicher Lagerdauer [in Tagen] | M1: Bedarfsprognose gemäß APO [quartalsweise] | N1: Lagerreichweite [Anzahl Quartale] | O1: Lagerreichweite [Anzahl Jahre]
A2: 1 | B2: 356987401 | C2: Kappe (Staubschutz) | D2: 45658 | E2: 45747 | F2: ='Q4-24'!I2 -> 21959 | G2: 30000 | H2: 26004 | I2: =F2+G2-H2 -> 25955 | J2: =(F2+I2)/2 -> 23957 | K2: =IFERROR((H2/J2),0) -> 1.0854448 | L2: =IFERROR(360/K2,0) -> 331.66128 | M2: 25000 | N2: =I2/M2 -> 1.0382 | O2: =N2/4 -> 0.25955
A3: 2 | B3: 973156840 | C3: Kugellager | D3: 45658 | E3: 45747 | F3: ='Q4-24'!I3 -> 14303 | G3: 1500 | H3: 1990 | I3: =F3+G3-H3 -> 13813 | J3: =(F3+I3)/2 -> 14058 | K3: =IFERROR((H3/J3),0) -> 0.14155641 | L3: =IFERROR(360/K3,0) -> 2543.1558 | M3: 2000 | N3: =I3/M3 -> 6.9065 | O3: =N3/4 -> 1.726625
A4: 3 | B4: 578931478 | C4: Schraube (Sechskant) | D4: 45658 | E4: 45747 | F4: ='Q4-24'!I4 -> 72180 | G4: 0 | H4: 700 | I4: =F4+G4-H4 -> 71480 | J4: =(F4+I4)/2 -> 71830 | K4: =IFERROR((H4/J4),0) -> 0.0097452318 | L4: =IFERROR(360/K4,0) -> 36941.143 | M4: 500 | N4: =I4/M4 -> 142.96 | O4: =N4/4 -> 35.74
A5: 4 | B5: 976258743 | C5: Dichtring | D5: 45658 | E5: 45747 | F5: ='Q4-24'!I5 -> 4678 | G5: 0 | H5: 98 | I5: =F5+G5-H5 -> 4580 | J5: =(F5+I5)/2 -> 4629 | K5: =IFERROR((H5/J5),0) -> 0.021170879 | L5: =IFERROR(360/K5,0) -> 17004.49 | M5: 100 | N5: =I5/M5 -> 45.8 | O5: =N5/4 -> 11.45
A6: 5 | B6: 488369720 | C6: Dichtung | D6: 45658 | E6: 45747 | F6: ='Q4-24'!I6 -> 8267 | G6: 124 | H6: 554 | I6: =F6+G6-H6 -> 7837 | J6: =(F6+I6)/2 -> 8052 | K6: =IFERROR((H6/J6),0) -> 0.068802782 | L6: =IFERROR(360/K6,0) -> 5232.3466 | M6: 500 | N6: =I6/M6 -> 15.674 | O6: =N6/4 -> 3.9185
A7: 6 | B7: 658742031 | C7: Federring | D7: 45658 | E7: 45747 | F7: ='Q4-24'!I7 -> 896 | G7: 1031 | H7: 724 | I7: =F7+G7-H7 -> 1203 | J7: =(F7+I7)/2 -> 1049.5 | K7: =IFERROR((H7/J7),0) -> 0.68985231 | L7: =IFERROR(360/K7,0) -> 521.85083 | M7: 600 | N7: =I7/M7 -> 2.005 | O7: =N7/4 -> 0.50125
A8: 7 | B8: 698742368 | C8: Scheibe | D8: 45658 | E8: 45747 | F8: ='Q4-24'!I8 -> 1105 | G8: 870 | H8: 907 | I8: =F8+G8-H8 -> 1068 | J8: =(F8+I8)/2 -> 1086.5 | K8: =IFERROR((H8/J8),0) -> 0.83479061 | L8: =IFERROR(360/K8,0) -> 431.24587 | M8: 900 | N8: =I8/M8 -> 1.1866667 | O8: =N8/4 -> 0.29666667
A9: 8 | B9: 752147896 | C9: Scheibe (Zahn) | D9: 45658 | E9: 45747 | F9: ='Q4-24'!I9 -> 3914 | G9: 240 | H9: 398 | I9: =F9+G9-H9 -> 3756 | J9: =(F9+I9)/2 -> 3835 | K9: =IFERROR((H9/J9),0) -> 0.10378096 | L9: =IFERROR(360/K9,0) -> 3468.8442 | M9: 400 | N9: =I9/M9 -> 9.39 | O9: =N9/4 -> 2.3475
A10: 9 | B10: 698753010 | C10: Unterlegscheibe | D10: 45658 | E10: 45747 | F10: ='Q4-24'!I10 -> 821 | G10: 35 | H10: 327 | I10: =F10+G10-H10 -> 529 | J10: =(F10+I10)/2 -> 675 | K10: =IFERROR((H10/J10),0) -> 0.48444444 | L10: =IFERROR(360/K10,0) -> 743.11927 | M10: 250 | N10: =I10/M10 -> 2.116 | O10: =N10/4 -> 0.529
A11: 10 | B11: 973156840 | C11: Kugellager | D11: 45658 | E11: 45747 | F11: ='Q4-24'!I11 -> 903 | G11: 0 | H11: 270 | I11: =F11+G11-H11 -> 633 | J11: =(F11+I11)/2 -> 768 | K11: =IFERROR((H11/J11),0) -> 0.3515625 | L11: =IFERROR(360/K11,0) -> 1024 | M11: 350 | N11: =I11/M11 -> 1.8085714 | O11: =N11/4 -> 0.45214286
A12: 11 | B12: 259874130 | C12: Gewindeschraube | D12: 45658 | E12: 45747 | F12: ='Q4-24'!I12 -> 3173 | G12: 457 | H12: 999 | I12: =F12+G12-H12 -> 2631 | J12: =(F12+I12)/2 -> 2902 | K12: =IFERROR((H12/J12),0) -> 0.34424535 | L12: =IFERROR(360/K12,0) -> 1045.7658 | M12: 1000 | N12: =I12/M12 -> 2.631 | O12: =N12/4 -> 0.65775
A13: 12 | B13: 752147896 | C13: Scheibe (Zahn) | D13: 45658 | E13: 45747 | F13: ='Q4-24'!I13 -> 203 | G13: 960 | H13: 197 | I13: =F13+G13-H13 -> 966 | J13: =(F13+I13)/2 -> 584.5 | K13: =IFERROR((H13/J13),0) -> 0.33704021 | L13: =IFERROR(360/K13,0) -> 1068.1218 | M13: 200 | N13: =I13/M13 -> 4.83 | O13: =N13/4 -> 1.2075
... A47: 46 | B47: 986325784 | C47: Markierungsleuchte | D47: 45658 | E47: 45747 | F47: ='Q4-24'!I47 -> 985 | G47: 0 | H47: 116 | I47: =F47+G47-H47 -> 869 | J47: =(F47+I47)/2 -> 927 | K47: =IFERROR((H47/J47),0) -> 0.12513484 | L47: =IFERROR(360/K47,0) -> 2876.8966 | M47: 120 | N47: =I47/M47 -> 7.2416667 | O47: =N47/4 -> 1.8104167

Sheet Q2-25
A1: lf. Nr. | B1: Material | C1: Materialbezeichnung | D1: Datum von | E1: Datum bis | F1: Anfangsbestand [Stück] | G1: Zugang [Stück] | H1: Abgang [Stück] | I1: Endbestand [Stück] | J1: durchschnittlicher Lagerbestand [Stück] | K1: LUH | L1: durchschnittlicher Lagerdauer [in Tagen] | M1: Bedarfsprognose gemäß APO [quartalsweise] | N1: Lagerreichweite [Anzahl Quartale] | O1: Lagerreichweite [Anzahl Jahre]
A2: 1 | B2: 356987401 | C2: Kappe (Staubschutz) | D2: 45748 | E2: 45838 | F2: ='Q1-25'!I2 -> 25955 | G2: 30500 | H2: 25430 | I2: =F2+G2-H2 -> 31025 | J2: =(F2+I2)/2 -> 28490 | K2: =IFERROR((H2/J2),0) -> 0.89259389 | L2: =IFERROR(360/K2,0) -> 403.31891 | M2: 25000 | N2: =IFERROR(I2/M2,0) -> 1.241 | O2: =N2/4 -> 0.31025
A3: 2 | B3: 973156840 | C3: Kugellager | D3: 45748 | E3: 45838 | F3: ='Q1-25'!I3 -> 13813 | G3: 264 | H3: 1987 | I3: =F3+G3-H3 -> 12090 | J3: =(F3+I3)/2 -> 12951.5 | K3: =IFERROR((H3/J3),0) -> 0.15341852 | L3: =IFERROR(360/K3,0) -> 2346.5224 | M3: 2000 | N3: =IFERROR(I3/M3,0) -> 6.045 | O3: =N3/4 -> 1.51125
A4: 3 | B4: 578931478 | C4: Schraube (Sechskant) | D4: 45748 | E4: 45838 | F4: ='Q1-25'!I4 -> 71480 | G4: 0 | H4: 521 | I4: =F4+G4-H4 -> 70959 | J4: =(F4+I4)/2 -> 71219.5 | K4: =IFERROR((H4/J4),0) -> 0.0073154122 | L4: =IFERROR(360/K4,0) -> 49211.171 | M4: 500 | N4: =IFERROR(I4/M4,0) -> 141.918 | O4: =N4/4 -> 35.4795
A5: 4 | B5: 976258743 | C5: Dichtring | D5: 45748 | E5: 45838 | F5: ='Q1-25'!I5 -> 4580 | G5: 29 | H5: 127 | I5: =F5+G5-H5 -> 4482 | J5: =(F5+I5)/2 -> 4531 | K5: =IFERROR((H5/J5),0) -> 0.028029133 | L5: =IFERROR(360/K5,0) -> 12843.78 | M5: 100 | N5: =IFERROR(I5/M5,0) -> 44.82 | O5: =N5/4 -> 11.205
A6: 5 | B6: 488369720 | C6: Dichtung | D6: 45748 | E6: 45838 | F6: ='Q1-25'!I6 -> 7837 | G6: 0 | H6: 500 | I6: =F6+G6-H6 -> 7337 | J6: =(F6+I6)/2 -> 7587 | K6: =IFERROR((H6/J6),0) -> 0.065902201 | L6: =IFERROR(360/K6,0) -> 5462.64 | M6: 500 | N6: =IFERROR(I6/M6,0) -> 14.674 | O6: =N6/4 -> 3.6685
A7: 6 | B7: 658742031 | C7: Federring | D7: 45748 | E7: 45838 | F7: ='Q1-25'!I7 -> 1203 | G7: 0 | H7: 599 | I7: =F7+G7-H7 -> 604 | J7: =(F7+I7)/2 -> 903.5 | K7: =IFERROR((H7/J7),0) -> 0.66297731 | L7: =IFERROR(360/K7,0) -> 543.00501 | M7: 600 | N7: =IFERROR(I7/M7,0) -> 1.0066667 | O7: =N7/4 -> 0.25166667
A8: 7 | B8: 698742368 | C8: Scheibe | D8: 45748 | E8: 45838 | F8: ='Q1-25'!I8 -> 1068 | G8: 600 | H8: 889 | I8: =F8+G8-H8 -> 779 | J8: =(F8+I8)/2 -> 923.5 | K8: =IFERROR((H8/J8),0) -> 0.96264212 | L8: =IFERROR(360/K8,0) -> 373.97075 | M8: 900 | N8: =IFERROR(I8/M8,0) -> 0.86555556 | O8: =N8/4 -> 0.21638889
A9: 8 | B9: 752147896 | C9: Scheibe (Zahn) | D9: 45748 | E9: 45838 | F9: ='Q1-25'!I9 -> 3756 | G9: 0 | H9: 404 | I9: =F9+G9-H9 -> 3352 | J9: =(F9+I9)/2 -> 3554 | K9: =IFERROR((H9/J9),0) -> 0.11367473 | L9: =IFERROR(360/K9,0) -> 3166.9307 | M9: 400 | N9: =IFERROR(I9/M9,0) -> 8.38 | O9: =N9/4 -> 2.095
A10: 9 | B10: 698753010 | C10: Unterlegscheibe | D10: 45748 | E10: 45838 | F10: ='Q1-25'!I10 -> 529 | G10: 252 | H10: 250 | I10: =F10+G10-H10 -> 531 | J10: =(F10+I10)/2 -> 530 | K10: =IFERROR((H10/J10),0) -> 0.47169811 | L10: =IFERROR(360/K10,0) -> 763.2 | M10: 250 | N10: =IFERROR(I10/M10,0) -> 2.124 | O10: =N10/4 -> 0.531
A11: 10 | B11: 973156840 | C11: Kugellager | D11: 45748 | E11: 45838 | F11: ='Q1-25'!I11 -> 633 | G11: 360 | H11: 354 | I11: =F11+G11-H11 -> 639 | J11: =(F11+I11)/2 -> 636 | K11: =IFERROR((H11/J11),0) -> 0.55660377 | L11: =IFERROR(360/K11,0) -> 646.77966 | M11: 350 | N11: =IFERROR(I11/M11,0) -> 1.8257143 | O11: =N11/4 -> 0.45642857
A12: 11 | B12: 259874130 | C12: Gewindeschraube | D12: 45748 | E12: 45838 | F12: ='Q1-25'!I12 -> 2631 | G12: 1125 | H12: 999 | I12: =F12+G12-H12 -> 2757 | J12: =(F12+I12)/2 -> 2694 | K12: =IFERROR((H12/J12),0) -> 0.37082405 | L12: =IFERROR(360/K12,0) -> 970.81081 | M12: 1000 | N12: =IFERROR(I12/M12,0) -> 2.757 | O12: =N12/4 -> 0.68925
A13: 12 | B13: 752147896 | C13: Scheibe (Zahn) | D13: 45748 | E13: 45838 | F13: ='Q1-25'!I13 -> 966 | G13: 195 | H13: 197 | I13: =F13+G13-H13 -> 964 | J13: =(F13+I13)/2 -> 965 | K13: =IFERROR((H13/J13),0) -> 0.20414508 | L13: =IFERROR(360/K13,0) -> 1763.4518 | M13: 200 | N13: =IFERROR(I13/M13,0) -> 4.82 | O13: =N13/4 -> 1.205
... A47: 46 | B47: 986325784 | C47: Markierungsleuchte | D47: 45748 | E47: 45838 | F47: ='Q1-25'!I47 -> 869 | G47: 57 | H47: 131 | I47: =F47+G47-H47 -> 795 | J47: =(F47+I47)/2 -> 832 | K47: =IFERROR((H47/J47),0) -> 0.15745192 | L47: =IFERROR(360/K47,0) -> 2286.4122 | M47: 120 | N47: =IFERROR(I47/M47,0) -> 6.625 | O47: =N47/4 -> 1.65625

Sheet Q3-25
A1: lf. Nr. | B1: Material | C1: Materialbezeichnung | D1: Datum von | E1: Datum bis | F1: Anfangsbestand [Stück] | G1: Zugang [Stück] | H1: Abgang [Stück] | I1: Endbestand [Stück] | J1: durchschnittlicher Lagerbestand [Stück] | K1: LUH | L1: durchschnittlicher Lagerdauer [in Tagen] | M1: Bedarfsprognose gemäß APO [quartalsweise] | N1: Lagerreichweite [Anzahl Quartale] | O1: Lagerreichweite [Anzahl Jahre]
A2: 1 | B2: 356987401 | C2: Kappe (Staubschutz) | D2: 45839 | E2: 45930 | F2: ='Q2-25'!I2 -> 31025 | G2: 19631 | H2: 24987 | I2: =F2+G2-H2 -> 25669 | J2: =(F2+I2)/2 -> 28347 | K2: =IFERROR((H2/J2),0) -> 0.88146894 | L2: =IFERROR(360/K2,0) -> 408.40917 | M2: 25000 | N2: =I2/M2 -> 1.02676 | O2: =N2/4 -> 0.25669
A3: 2 | B3: 973156840 | C3: Kugellager | D3: 45839 | E3: 45930 | F3: ='Q2-25'!I3 -> 12090 | G3: 17 | H3: 2003 | I3: =F3+G3-H3 -> 10104 | J3: =(F3+I3)/2 -> 11097 | K3: =IFERROR((H3/J3),0) -> 0.18049923 | L3: =IFERROR(360/K3,0) -> 1994.4683 | M3: 2000 | N3: =I3/M3 -> 5.052 | O3: =N3/4 -> 1.263
A4: 3 | B4: 578931478 | C4: Schraube (Sechskant) | D4: 45839 | E4: 45930 | F4: ='Q2-25'!I4 -> 70959 | G4: 23 | H4: 550 | I4: =F4+G4-H4 -> 70432 | J4: =(F4+I4)/2 -> 70695.5 | K4: =IFERROR((H4/J4),0) -> 0.0077798445 | L4: =IFERROR(360/K4,0) -> 46273.418 | M4: 500 | N4: =I4/M4 -> 140.864 | O4: =N4/4 -> 35.216
A5: 4 | B5: 976258743 | C5: Dichtring | D5: 45839 | E5: 45930 | F5: ='Q2-25'!I5 -> 4482 | G5: 0 | H5: 97 | I5: =F5+G5-H5 -> 4385 | J5: =(F5+I5)/2 -> 4433.5 | K5: =IFERROR((H5/J5),0) -> 0.021878877 | L5: =IFERROR(360/K5,0) -> 16454.227 | M5: 100 | N5: =I5/M5 -> 43.85 | O5: =N5/4 -> 10.9625
A6: 5 | B6: 488369720 | C6: Dichtung | D6: 45839 | E6: 45930 | F6: ='Q2-25'!I6 -> 7337 | G6: 0 | H6: 504 | I6: =F6+G6-H6 -> 6833 | J6: =(F6+I6)/2 -> 7085 | K6: =IFERROR((H6/J6),0) -> 0.071136203 | L6: =IFERROR(360/K6,0) -> 5060.7143 | M6: 500 | N6: =I6/M6 -> 13.666 | O6: =N6/4 -> 3.4165
A7: 6 | B7: 658742031 | C7: Federring | D7: 45839 | E7: 45930 | F7: ='Q2-25'!I7 -> 604 | G7: 930 | H7: 601 | I7: =F7+G7-H7 -> 933 | J7: =(F7+I7)/2 -> 768.5 | K7: =IFERROR((H7/J7),0) -> 0.78204294 | L7: =IFERROR(360/K7,0) -> 460.33278 | M7: 600 | N7: =I7/M7 -> 1.555 | O7: =N7/4 -> 0.38875
A8: 7 | B8: 698742368 | C8: Scheibe | D8: 45839 | E8: 45930 | F8: ='Q2-25'!I8 -> 779 | G8: 1390 | H8: 887 | I8: =F8+G8-H8 -> 1282 | J8: =(F8+I8)/2 -> 1030.5 | K8: =IFERROR((H8/J8),0) -> 0.86074721 | L8: =IFERROR(360/K8,0) -> 418.24126 | M8: 900 | N8: =I8/M8 -> 1.4244444 | O8: =N8/4 -> 0.35611111
A9: 8 | B9: 752147896 | C9: Scheibe (Zahn) | D9: 45839 | E9: 45930 | F9: ='Q2-25'!I9 -> 3352 | G9: 97 | H9: 393 | I9: =F9+G9-H9 -> 3056 | J9: =(F9+I9)/2 -> 3204 | K9: =IFERROR((H9/J9),0) -> 0.12265918 | L9: =IFERROR(360/K9,0) -> 2934.9618 | M9: 400 | N9: =I9/M9 -> 7.64 | O9: =N9/4 -> 1.91
A10: 9 | B10: 698753010 | C10: Unterlegscheibe | D10: 45839 | E10: 45930 | F10: ='Q2-25'!I10 -> 531 | G10: 324 | H10: 254 | I10: =F10+G10-H10 -> 601 | J10: =(F10+I10)/2 -> 566 | K10: =IFERROR((H10/J10),0) -> 0.44876325 | L10: =IFERROR(360/K10,0) -> 802.20472 | M10: 250 | N10: =I10/M10 -> 2.404 | O10: =N10/4 -> 0.601
A11: 10 | B11: 973156840 | C11: Kugellager | D11: 45839 | E11: 45930 | F11: ='Q2-25'!I11 -> 639 | G11: 109 | H11: 347 | I11: =F11+G11-H11 -> 401 | J11: =(F11+I11)/2 -> 520 | K11: =IFERROR((H11/J11),0) -> 0.66730769 | L11: =IFERROR(360/K11,0) -> 539.48127 | M11: 350 | N11: =I11/M11 -> 1.1457143 | O11: =N11/4 -> 0.28642857
A12: 11 | B12: 259874130 | C12: Gewindeschraube | D12: 45839 | E12: 45930 | F12: ='Q2-25'!I12 -> 2757 | G12: 10 | H12: 990 | I12: =F12+G12-H12 -> 1777 | J12: =(F12+I12)/2 -> 2267 | K12: =IFERROR((H12/J12),0) -> 0.43670049 | L12: =IFERROR(360/K12,0) -> 824.36364 | M12: 1000 | N12: =I12/M12 -> 1.777 | O12: =N12/4 -> 0.44425
A13: 12 | B13: 752147896 | C13: Scheibe (Zahn) | D13: 45839 | E13: 45930 | F13: ='Q2-25'!I13 -> 964 | G13: 146 | H13: 180 | I13: =F13+G13-H13 -> 930 | J13: =(F13+I13)/2 -> 947 | K13: =IFERROR((H13/J13),0) -> 0.19007392 | L13: =IFERROR(360/K13,0) -> 1894 | M13: 200 | N13: =I13/M13 -> 4.65 | O13: =N13/4 -> 1.1625
... A47: 46 | B47: 986325784 | C47: Markierungsleuchte | D47: 45839 | E47: 45930 | F47: ='Q2-25'!I47 -> 795 | G47: 0 | H47: 135 | I47: =F47+G47-H47 -> 660 | J47: =(F47+I47)/2 -> 727.5 | K47: =IFERROR((H47/J47),0) -> 0.18556701 | L47: =IFERROR(360/K47,0) -> 1940 | M47: 120 | N47: =I47/M47 -> 5.5 | O47: =N47/4 -> 1.375
