Workbook

Sheet Inventory
A1: Material | B1: Description | C1: Hazard Division | D1: CG | E1: NEW (EA - KG) | F1: Storage Location | G1: SLOC Desc | H1: Quantity | I1: NEW (Total - KG)
A2: 885600034 | B2: =_xlfn.XLOOKUP(A2,HMSD!C$2:C$49,HMSD!D$2:D$49) -> POINT DETONATING FUZE | C2: =_xlfn.XLOOKUP($A2,HMSD!$C$2:$C$49,HMSD!E$2:E$49) -> 1.2 | D2: =_xlfn.XLOOKUP($A2,HMSD!$C$2:$C$49,HMSD!F$2:F$49) -> B | E2: =_xlfn.XLOOKUP($A2,HMSD!$C$2:$C$49,HMSD!G$2:G$49) -> 0.0218 | F2: 199A | G2: =_xlfn.XLOOKUP(Inventory!F2,SLOC!A$2:A$6,SLOC!B$2:B$6) -> Location A | H2: 57 | I2: =E2*H2 -> 1.2426
A3: 888093467 | B3: =_xlfn.XLOOKUP(A3,HMSD!C$2:C$49,HMSD!D$2:D$49) -> CTG, 5.56MM 4 AP M995/1 TR M856 | C3: =_xlfn.XLOOKUP($A3,HMSD!$C$2:$C$49,HMSD!E$2:E$49) -> 1.4 | D3: =_xlfn.XLOOKUP($A3,HMSD!$C$2:$C$49,HMSD!F$2:F$49) -> S | E3: =_xlfn.XLOOKUP($A3,HMSD!$C$2:$C$49,HMSD!G$2:G$49) -> 0.0021 | F3: 199A | G3: =_xlfn.XLOOKUP(Inventory!F3,SLOC!A$2:A$6,SLOC!B$2:B$6) -> Location A | H3: 12 | I3: =E3*H3 -> 0.0252
A4: 886182049 | B4: =_xlfn.XLOOKUP(A4,HMSD!C$2:C$49,HMSD!D$2:D$49) -> CTG, 7.62MM AP M993 SNGL RD | C4: =_xlfn.XLOOKUP($A4,HMSD!$C$2:$C$49,HMSD!E$2:E$49) -> 1.4 | D4: =_xlfn.XLOOKUP($A4,HMSD!$C$2:$C$49,HMSD!F$2:F$49) -> C | E4: =_xlfn.XLOOKUP($A4,HMSD!$C$2:$C$49,HMSD!G$2:G$49) -> 0.0029 | F4: 199A | G4: =_xlfn.XLOOKUP(Inventory!F4,SLOC!A$2:A$6,SLOC!B$2:B$6) -> Location A | H4: 83 | I4: =E4*H4 -> 0.2407
A5: 884708253 | B5: =_xlfn.XLOOKUP(A5,HMSD!C$2:C$49,HMSD!D$2:D$49) -> CTG, CAL .50 4 API M8/1 API-DT MK257-0 | C5: =_xlfn.XLOOKUP($A5,HMSD!$C$2:$C$49,HMSD!E$2:E$49) -> 1.4 | D5: =_xlfn.XLOOKUP($A5,HMSD!$C$2:$C$49,HMSD!F$2:F$49) -> G | E5: =_xlfn.XLOOKUP($A5,HMSD!$C$2:$C$49,HMSD!G$2:G$49) -> 0.0164 | F5: 199A | G5: =_xlfn.XLOOKUP(Inventory!F5,SLOC!A$2:A$6,SLOC!B$2:B$6) -> Location A | H5: 29 | I5: =E5*H5 -> 0.4756
A6: 880083529 | B6: =_xlfn.XLOOKUP(A6,HMSD!C$2:C$49,HMSD!D$2:D$49) -> CTG, 105MM CLEARING (1315) | C6: =_xlfn.XLOOKUP($A6,HMSD!$C$2:$C$49,HMSD!E$2:E$49) -> 1.3 | D6: =_xlfn.XLOOKUP($A6,HMSD!$C$2:$C$49,HMSD!F$2:F$49) -> C | E6: =_xlfn.XLOOKUP($A6,HMSD!$C$2:$C$49,HMSD!G$2:G$49) -> 1.3154 | F6: 199A | G6: =_xlfn.XLOOKUP(Inventory!F6,SLOC!A$2:A$6,SLOC!B$2:B$6) -> Location A | H6: 46 | I6: =E6*H6 -> 60.5084
A7: 884910285 | B7: =_xlfn.XLOOKUP(A7,HMSD!C$2:C$49,HMSD!D$2:D$49) -> CTG, 106MM HEP-T M346/A1 | C7: =_xlfn.XLOOKUP($A7,HMSD!$C$2:$C$49,HMSD!E$2:E$49) -> 1.1 | D7: =_xlfn.XLOOKUP($A7,HMSD!$C$2:$C$49,HMSD!F$2:F$49) -> F | E7: =_xlfn.XLOOKUP($A7,HMSD!$C$2:$C$49,HMSD!G$2:G$49) -> 7.2107 | F7: 199A | G7: =_xlfn.XLOOKUP(Inventory!F7,SLOC!A$2:A$6,SLOC!B$2:B$6) -> Location A | H7: 91 | I7: =E7*H7 -> 656.1737
A8: 887842065 | B8: =_xlfn.XLOOKUP(A8,HMSD!C$2:C$49,HMSD!D$2:D$49) -> CTG & LAUNCHER, 84MM CS RS | C8: =_xlfn.XLOOKUP($A8,HMSD!$C$2:$C$49,HMSD!E$2:E$49) -> 1.2 | D8: =_xlfn.XLOOKUP($A8,HMSD!$C$2:$C$49,HMSD!F$2:F$49) -> E | E8: =_xlfn.XLOOKUP($A8,HMSD!$C$2:$C$49,HMSD!G$2:G$49) -> 0.5774 | F8: 199A | G8: =_xlfn.XLOOKUP(Inventory!F8,SLOC!A$2:A$6,SLOC!B$2:B$6) -> Location A | H8: 34 | I8: =E8*H8 -> 19.6316
A9: 880958321 | B9: =_xlfn.XLOOKUP(A9,HMSD!C$2:C$49,HMSD!D$2:D$49) -> FUZE, FMU-152A/B JPF | C9: =_xlfn.XLOOKUP($A9,HMSD!$C$2:$C$49,HMSD!E$2:E$49) -> 1.2 | D9: =_xlfn.XLOOKUP($A9,HMSD!$C$2:$C$49,HMSD!F$2:F$49) -> F | E9: =_xlfn.XLOOKUP($A9,HMSD!$C$2:$C$49,HMSD!G$2:G$49) -> 0.1651 | F9: 199A | G9: =_xlfn.XLOOKUP(Inventory!F9,SLOC!A$2:A$6,SLOC!B$2:B$6) -> Location A | H9: 68 | I9: =E9*H9 -> 11.2268
A10: 888407265 | B10: =_xlfn.XLOOKUP(A10,HMSD!C$2:C$49,HMSD!D$2:D$49) -> IGNITER, BOMB WP M23 | C10: =_xlfn.XLOOKUP($A10,HMSD!$C$2:$C$49,HMSD!E$2:E$49) -> 1.3 | D10: =_xlfn.XLOOKUP($A10,HMSD!$C$2:$C$49,HMSD!F$2:F$49) -> H | E10: =_xlfn.XLOOKUP($A10,HMSD!$C$2:$C$49,HMSD!G$2:G$49) -> 0.5897 | F10: 199A | G10: =_xlfn.XLOOKUP(Inventory!F10,SLOC!A$2:A$6,SLOC!B$2:B$6) -> Location A | H10: 77 | I10: =E10*H10 -> 45.4069
A11: 882316804 | B11: =_xlfn.XLOOKUP(A11,HMSD!C$2:C$49,HMSD!D$2:D$49) -> BOMB, GUIDED GP GBU-39/B SDB | C11: =_xlfn.XLOOKUP($A11,HMSD!$C$2:$C$49,HMSD!E$2:E$49) -> 1.2.3 | D11: =_xlfn.XLOOKUP($A11,HMSD!$C$2:$C$49,HMSD!F$2:F$49) -> D | E11: =_xlfn.XLOOKUP($A11,HMSD!$C$2:$C$49,HMSD!G$2:G$49) -> 16.7829 | F11: 199A | G11: =_xlfn.XLOOKUP(Inventory!F11,SLOC!A$2:A$6,SLOC!B$2:B$6) -> Location A | H11: 5 | I11: =E11*H11 -> 83.9145
A12: 883317492 | B12: =_xlfn.XLOOKUP(A12,HMSD!C$2:C$49,HMSD!D$2:D$49) -> CARTRIDGES, POWER DEVICE | C12: =_xlfn.XLOOKUP($A12,HMSD!$C$2:$C$49,HMSD!E$2:E$49) -> 1.2 | D12: =_xlfn.XLOOKUP($A12,HMSD!$C$2:$C$49,HMSD!F$2:F$49) -> C | E12: =_xlfn.XLOOKUP($A12,HMSD!$C$2:$C$49,HMSD!G$2:G$49) -> 0.0546 | F12: 199B | G12: =_xlfn.XLOOKUP(Inventory!F12,SLOC!A$2:A$6,SLOC!B$2:B$6) -> Location B | H12: 72 | I12: =E12*H12 -> 3.9312
A13: 886935821 | B13: =_xlfn.XLOOKUP(A13,HMSD!C$2:C$49,HMSD!D$2:D$49) -> CTG, 20MM SAPHEI PGU-28A/B SNGL RD | C13: =_xlfn.XLOOKUP($A13,HMSD!$C$2:$C$49,HMSD!E$2:E$49) -> 1.2.2 | D13: =_xlfn.XLOOKUP($A13,HMSD!$C$2:$C$49,HMSD!F$2:F$49) -> E | E13: =_xlfn.XLOOKUP($A13,HMSD!$C$2:$C$49,HMSD!G$2:G$49) -> 0.0109 | F13: 199B | G13: =_xlfn.XLOOKUP(Inventory!F13,SLOC!A$2:A$6,SLOC!B$2:B$6) -> Location B | H13: 18 | I13: =E13*H13 -> 0.1962
... A71: 880009632 | B71: =_xlfn.XLOOKUP(A71,HMSD!C$2:C$49,HMSD!D$2:D$49) -> CHG, PROP 155MM M19 | C71: =_xlfn.XLOOKUP($A71,HMSD!$C$2:$C$49,HMSD!E$2:E$49) -> 1.2 | D71: =_xlfn.XLOOKUP($A71,HMSD!$C$2:$C$49,HMSD!F$2:F$49) -> K | E71: =_xlfn.XLOOKUP($A71,HMSD!$C$2:$C$49,HMSD!G$2:G$49) -> 14.0614 | F71: 199E | G71: =_xlfn.XLOOKUP(Inventory!F71,SLOC!A$2:A$6,SLOC!B$2:B$6) -> Location E | H71: 9 | I71: =E71*H71 -> 126.5526

Sheet HMSD
A1: Internchangability Code | B1: FSC | C1: Material | D1: Material Description | E1: HD | F1: CG | G1: NEW (KG)
A2: 0364 | B2: 1390 | C2: 885600034 | D2: POINT DETONATING FUZE | E2: 1.2 | F2: B | G2: 0.0218
A3: 0381 | B3: 1310 | C3: 883317492 | D3: CARTRIDGES, POWER DEVICE | E3: 1.2 | F3: C | G3: 0.0546
A4: AA02 | B4: 1305 | C4: 888093467 | D4: CTG, 5.56MM 4 AP M995/1 TR M856 | E4: 1.4 | F4: S | G4: 0.0021
A5: AA03 | B5: 1305 | C5: 886182049 | D5: CTG, 7.62MM AP M993 SNGL RD | E5: 1.4 | F5: C | G5: 0.0029
A6: AA05 | B6: 1305 | C6: 887612509 | D6: CTG, CAL .50 1 API MK211-0/1 AP M2/1 API-T M20 | E6: 1.2.2 | F6: G | G6: 0.0006
A7: AA22 | B7: 1305 | C7: 886935821 | D7: CTG, 20MM SAPHEI PGU-28A/B SNGL RD | E7: 1.2.2 | F7: E | G7: 0.0109
A8: AB30 | B8: 1305 | C8: 884708253 | D8: CTG, CAL .50 4 API M8/1 API-DT MK257-0 | E8: 1.4 | F8: G | G8: 0.0164
A9: AB51 | B9: 1305 | C9: 883478905 | D9: CTG, 30MM X 173MM, APFSDS-T, MK258 MOD 1 | E9: 1.2.2 | F9: C | G9: 0.1858
A10: AY28 | B10: 1305 | C10: 880083529 | D10: CTG, 105MM CLEARING (1315) | E10: 1.3 | F10: C | G10: 1.3154
A11: B506 | B11: 1310 | C11: 884567819 | D11: CTG, 40MM RED SMK M713 SNGL RD | E11: 1.2 | F11: L | G11: 0.0781
A12: BA14 | B12: 1305 | C12: 880571934 | D12: CTG, 60MM WP SMOKE M722A1 | E12: 1.2.2 | F12: H | G12: 0.0482
A13: C454 | B13: 1315 | C13: 880341965 | D13: CTG, 105MM SMK WP M60A2 SER | E13: 1.4 | F13: F | G13: 1.7001
... A49: WF47 | B49: 1377 | C49: 886749083 | D49: GM, AGM-158A JASSM | E49: 1.2.3 | F49: J | G49: 108.862

Sheet SLOC
A1: SLOC | B1: SLOC Description
A2: 199A | B2: Location A
A3: 199B | B3: Location B
A4: 199C | B4: Location C
A5: 199D | B5: Location D
A6: 199E | B6: Location E

Sheet HD
A1: HD | B1: HD DESCRIPTION
A2: 1.1 | B2: Ammunition that has a mass explosion hazard.
A3: 1.2 | B3: Ammunition that has a projection hazard not of type 1.1
A4: 1.2.1 | B4: More hazardous items of HD 1.2 large fragments & large range
A5: 1.2.2 | B5: More hazardous items of HD 1.2 small fragments & small range
A6: 1.2.3 | B6: Explosion reaction during sympathetic reaction testing
A7: 1.3 | B7: Ammunition that has a fire haz and either a minor blast haz
A8: 1.3.1 | B8: Exp w min blast hazard or a minor projection hazard 1.3C
A9: 1.3.2 | B9: Minor blast hazard or a minor projection hazard no mass exp
A10: 1.4 | B10: Ammunition that presents no significant hazard.
A11: 1.5 | B11: Very insensitive substances, which have a mass explosion haz
A12: 1.6 | B12: Extremely insensitive articles which do not have a mass expl

Sheet CG
A1: CG | B1: CG DESCRIPTION
A2: A | B2: Primary explosive substance.
A3: B | B3: Articles containing a primary explosive substance
A4: C | B4: Propellant explosive substance
A5: D | B5: Secondary detonating article
A6: E | B6: secondary detonating exp w/o its own means of initiation
A7: F | B7: secondary detonating exp with its own means of initiation
A8: G | B8: Pyrotechnic substance
A9: H | B9: Article containing both explosive substance and white ph
A10: J | B10: Ammunition containing both explosives and flammable liquids
A11: K | B11: Articles containing both an explosive substance and a toxic
A12: L | B12: Explosive substance w special risk needing isolation
... A14: S | B14: Substance w haz effects frm accidental functioning in packag
